video_id,mini_scene_id,Walk,Head Up,Graze,Other,Interval (sec),Habit,Count of Individuals,Species
18_01_2023_session_7|drone|DJI_0068,18_01_2023_session_7|drone|DJI_0068_0,0.8600731112916328,0.06011372867587327,0.032087733549959384,0.04772542648253453,162.7293960627294,0,2,Grevy
18_01_2023_session_7|drone|DJI_0068,18_01_2023_session_7|drone|DJI_0068_1,0.9865962632006499,0.0036555645816409425,0.0,0.00974817221770918,164.29763096429764,0,2,Grevy
18_01_2023_session_7|drone|DJI_0069,18_01_2023_session_7|drone|DJI_0069_0,0.7770328347945676,0.16503352243424446,0.009970775313735603,0.0479628674574523,194.0940940940941,0,2,Grevy
18_01_2023_session_7|drone|DJI_0069,18_01_2023_session_7|drone|DJI_0069_1,0.7261474987106756,0.2735086814509197,0.00034381983840467596,0.0,194.0940940940941,0,2,Grevy
18_01_2023_session_7|drone|DJI_0070,18_01_2023_session_7|drone|DJI_0070_0,0.673374613003096,0.30770553835569314,0.0,0.01891984864121087,193.993993993994,0,2,Grevy
18_01_2023_session_7|drone|DJI_0070,18_01_2023_session_7|drone|DJI_0070_1,0.5,0.499828001375989,0.0001719986240110079,0.0,193.993993993994,0,2,Grevy
18_01_2023_session_7|drone|DJI_0071,18_01_2023_session_7|drone|DJI_0071_0,0.4988962472406181,0.47093451066961,0.0,0.03016924208977189,45.34534534534535,0,2,Grevy
18_01_2023_session_7|drone|DJI_0071,18_01_2023_session_7|drone|DJI_0071_1,0.5121412803532008,0.4562178072111847,0.0,0.03164091243561442,45.34534534534535,0,2,Grevy